{
  "formatVersion": 1,
  "database": {
    "version": 7,
    "identityHash": "0638620d8ed8717433cb8e718cfc4646",
    "entities": [
      {
        "tableName": "Message",
        "createSql": "CREATE TABLE IF NOT EXISTS `${TABLE_NAME}` (`id` TEXT NOT NULL, `text` TEXT NOT NULL, `withDeliveryReport` INTEGER NOT NULL DEFAULT 1, `simNumber` INTEGER, `validUntil` TEXT, `isEncrypted` INTEGER NOT NULL DEFAULT 0, `skipPhoneValidation` INTEGER NOT NULL DEFAULT 0, `source` TEXT NOT NULL DEFAULT 'Local', `state` TEXT NOT NULL, `createdAt` INTEGER NOT NULL DEFAULT 0, PRIMARY KEY(`id`))",
        "fields": [
          {
            "fieldPath": "id",
            "columnName": "id",
            "affinity": "TEXT",
            "notNull": true
          },
          {
            "fieldPath": "text",
            "columnName": "text",
            "affinity": "TEXT",
            "notNull": true
          },
          {
            "fieldPath": "withDeliveryReport",
            "columnName": "withDeliveryReport",
            "affinity": "INTEGER",
            "notNull": true,
            "defaultValue": "1"
          },
          {
            "fieldPath": "simNumber",
            "columnName": "simNumber",
            "affinity": "INTEGER",
            "notNull": false
          },
          {
            "fieldPath": "validUntil",
            "columnName": "validUntil",
            "affinity": "TEXT",
            "notNull": false
          },
          {
            "fieldPath": "isEncrypted",
            "columnName": "isEncrypted",
            "affinity": "INTEGER",
            "notNull": true,
            "defaultValue": "0"
          },
          {
            "fieldPath": "skipPhoneValidation",
            "columnName": "skipPhoneValidation",
            "affinity": "INTEGER",
            "notNull": true,
            "defaultValue": "0"
          },
          {
            "fieldPath": "source",
            "columnName": "source",
            "affinity": "TEXT",
            "notNull": true,
            "defaultValue": "'Local'"
          },
          {
            "fieldPath": "state",
            "columnName": "state",
            "affinity": "TEXT",
            "notNull": true
          },
          {
            "fieldPath": "createdAt",
            "columnName": "createdAt",
            "affinity": "INTEGER",
            "notNull": true,
            "defaultValue": "0"
          }
        ],
        "primaryKey": {
          "columnNames": [
            "id"
          ],
          "autoGenerate": false
        },
        "indices": [],
        "foreignKeys": []
      },
      {
        "tableName": "MessageRecipient",
        "createSql": "CREATE TABLE IF NOT EXISTS `${TABLE_NAME}` (`messageId` TEXT NOT NULL, `phoneNumber` TEXT NOT NULL, `state` TEXT NOT NULL, `error` TEXT, PRIMARY KEY(`messageId`, `phoneNumber`), FOREIGN KEY(`messageId`) REFERENCES `Message`(`id`) ON UPDATE NO ACTION ON DELETE CASCADE )",
        "fields": [
          {
            "fieldPath": "messageId",
            "columnName": "messageId",
            "affinity": "TEXT",
            "notNull": true
          },
          {
            "fieldPath": "phoneNumber",
            "columnName": "phoneNumber",
            "affinity": "TEXT",
            "notNull": true
          },
          {
            "fieldPath": "state",
            "columnName": "state",
            "affinity": "TEXT",
            "notNull": true
          },
          {
            "fieldPath": "error",
            "columnName": "error",
            "affinity": "TEXT",
            "notNull": false
          }
        ],
        "primaryKey": {
          "columnNames": [
            "messageId",
            "phoneNumber"
          ],
          "autoGenerate": false
        },
        "indices": [],
        "foreignKeys": [
          {
            "table": "Message",
            "onDelete": "CASCADE",
            "onUpdate": "NO ACTION",
            "columns": [
              "messageId"
            ],
            "referencedColumns": [
              "id"
            ]
          }
        ]
      }
    ],
    "views": [],
    "setupQueries": [
      "CREATE TABLE IF NOT EXISTS room_master_table (id INTEGER PRIMARY KEY,identity_hash TEXT)",
      "INSERT OR REPLACE INTO room_master_table (id,identity_hash) VALUES(42, '0638620d8ed8717433cb8e718cfc4646')"
    ]
  }
}